[
  {
    "model": "templates_app.template",
    "pk": 1,
    "fields": {
      "organization": null,
      "name": "التقرير السنوي للجامعات الأردنية",
      "name_en": "Jordanian Universities Annual Report",
      "description": "قالب التقرير السنوي حسب نموذج مجلس التعليم العالي - قرار 3/2021",
      "category": "higher_education",
      "is_public": true,
      "is_default": true,
      "is_active": true,
      "version": "2024",
      "export_settings": {
        "page_size": "A4",
        "orientation": "portrait",
        "rtl": true,
        "font_family": "Traditional Arabic"
      },
      "structure": {},
      "settings": {
        "standard": "مجلس التعليم العالي - قرار 3/2021",
        "year_comparison": true,
        "change_percentage": true
      },
      "created_by": null,
      "created_at": "2026-03-02T21:00:00Z",
      "updated_at": "2026-03-02T21:00:00Z"
    }
  },

  {"model": "templates_app.axis", "pk": 1, "fields": {"template": 1, "code": "1", "name": "الاعتمادية وضمان الجودة", "name_en": "Accreditation and Quality Assurance", "description": "معايير الاعتماد والجودة والتصنيفات العالمية", "order": 1}},
  {"model": "templates_app.axis", "pk": 2, "fields": {"template": 1, "code": "2", "name": "التدريس", "name_en": "Teaching", "description": "أعضاء الهيئة التدريسية والتدريب والتطوير", "order": 2}},
  {"model": "templates_app.axis", "pk": 3, "fields": {"template": 1, "code": "3", "name": "البحث العلمي", "name_en": "Scientific Research", "description": "الأبحاث والنشر والمشاريع البحثية", "order": 3}},
  {"model": "templates_app.axis", "pk": 4, "fields": {"template": 1, "code": "4", "name": "إدارة الموارد البشرية", "name_en": "Human Resources Management", "description": "الموارد المالية والبشرية", "order": 4}},
  {"model": "templates_app.axis", "pk": 5, "fields": {"template": 1, "code": "5", "name": "البنية التحتية والبيئة الجامعية", "name_en": "Infrastructure and Campus Environment", "description": "المباني والمختبرات والمكتبة", "order": 5}},
  {"model": "templates_app.axis", "pk": 6, "fields": {"template": 1, "code": "6", "name": "خدمة المجتمع المحلي", "name_en": "Community Service", "description": "الأنشطة التطوعية وخدمة المجتمع", "order": 6}},

  {"model": "templates_app.item", "pk": 1, "fields": {"axis": 1, "code": "1.1", "name": "عدد البرامج التي حصلت على الاعتماد الخاص", "name_en": "Programs with Special Accreditation", "field_type": "number", "config": {"min": 0}, "required": true, "unit": "برنامج", "order": 1}},
  {"model": "templates_app.item", "pk": 2, "fields": {"axis": 1, "code": "1.2", "name": "عدد البرامج التي حصلت على الاعتماد الخارجي", "name_en": "Programs with External Accreditation", "field_type": "number", "config": {"min": 0}, "required": true, "unit": "برنامج", "order": 2}},
  {"model": "templates_app.item", "pk": 3, "fields": {"axis": 1, "code": "1.3", "name": "عدد البرامج التي حصلت على شهادة ضمان الجودة محلياً ودولياً", "name_en": "Programs with Quality Certificates", "field_type": "number", "config": {"min": 0}, "required": true, "unit": "برنامج", "order": 3}},
  {"model": "templates_app.item", "pk": 4, "fields": {"axis": 1, "code": "1.4", "name": "عدد البرامج المستحدثة", "name_en": "Newly Established Programs", "field_type": "number", "config": {"min": 0}, "required": true, "unit": "برنامج", "order": 4}},
  {"model": "templates_app.item", "pk": 5, "fields": {"axis": 1, "code": "1.5", "name": "تصنيف الجامعة العالمي بناء على QS", "name_en": "QS World Ranking", "field_type": "number", "config": {"allow_null": true}, "required": false, "unit": "", "order": 5, "notes": "أدخل --- إذا لم تكن الجامعة مصنفة"}},
  {"model": "templates_app.item", "pk": 6, "fields": {"axis": 1, "code": "1.6", "name": "تصنيف الجامعة العالمي بناء على THE", "name_en": "THE World Ranking", "field_type": "number", "config": {"allow_null": true}, "required": false, "unit": "", "order": 6}},
  {"model": "templates_app.item", "pk": 7, "fields": {"axis": 1, "code": "1.7", "name": "تصنيف الجامعة العالمي بناء على Shanghai", "name_en": "Shanghai Ranking", "field_type": "number", "config": {"allow_null": true}, "required": false, "unit": "", "order": 7}},
  {"model": "templates_app.item", "pk": 8, "fields": {"axis": 1, "code": "1.8", "name": "عدد الطلبة غير الأردنيين", "name_en": "Non-Jordanian Students", "field_type": "number", "config": {"min": 0}, "required": true, "unit": "طالب", "order": 8}},
  {"model": "templates_app.item", "pk": 9, "fields": {"axis": 1, "code": "1.9", "name": "نسبة عدد الطلبة غير الأردنيين إلى إجمالي عدد الطلبة", "name_en": "Percentage of Non-Jordanian Students", "field_type": "computed", "config": {"decimals": 1}, "formula": "(item_1_8 / total_students) * 100", "dependencies": ["1.8"], "required": true, "unit": "%", "order": 9}},
  {"model": "templates_app.item", "pk": 10, "fields": {"axis": 1, "code": "1.10", "name": "عدد البرامج المشتركة مع جامعات عالمية مرموقة ضمن 500 جامعة", "name_en": "Joint Programs with Top 500 Universities", "field_type": "number", "config": {"min": 0}, "required": true, "unit": "برنامج", "order": 10}},

  {"model": "templates_app.item", "pk": 11, "fields": {"axis": 2, "code": "2.1", "name": "إجمالي النقص في عدد أعضاء الهيئة التدريسية طبقاً لمعايير الاعتماد الخاص", "name_en": "Faculty Shortage", "field_type": "number", "config": {"min": 0}, "required": true, "unit": "عضو", "order": 1}},
  {"model": "templates_app.item", "pk": 12, "fields": {"axis": 2, "code": "2.2", "name": "إجمالي الزيادة في عدد أعضاء الهيئة التدريسية طبقاً لمعايير الاعتماد الخاص", "name_en": "Faculty Surplus", "field_type": "number", "config": {"min": 0}, "required": true, "unit": "عضو", "order": 2}},
  {"model": "templates_app.item", "pk": 13, "fields": {"axis": 2, "code": "2.3", "name": "نتائج الاستبانات لقياس رضا أعضاء الهيئة التدريسية عن التعليم الإلكتروني", "name_en": "Faculty Satisfaction with E-Learning", "field_type": "percentage", "config": {"decimals": 0}, "required": true, "unit": "%", "order": 3}},
  {"model": "templates_app.item", "pk": 14, "fields": {"axis": 2, "code": "2.4", "name": "نتائج الاستبانات لقياس رضا الطلبة عن التعليم الإلكتروني", "name_en": "Student Satisfaction with E-Learning", "field_type": "percentage", "config": {"decimals": 0}, "required": true, "unit": "%", "order": 4}},
  {"model": "templates_app.item", "pk": 15, "fields": {"axis": 2, "code": "2.5", "name": "عدد الطلبة الموفدين", "name_en": "Scholarship Students", "field_type": "number", "config": {"min": 0}, "required": true, "unit": "موفد", "order": 5}},
  {"model": "templates_app.item", "pk": 16, "fields": {"axis": 2, "code": "2.6", "name": "عدد دورات تأهيل وتدريب أعضاء هيئة التدريس", "name_en": "Faculty Training Courses", "field_type": "number", "config": {"min": 0}, "required": true, "unit": "دورة", "order": 6}},
  {"model": "templates_app.item", "pk": 17, "fields": {"axis": 2, "code": "2.7", "name": "نسبة المشاركين في دورات تأهيل وتدريب أعضاء هيئة التدريس", "name_en": "Faculty Training Participation Rate", "field_type": "percentage", "config": {"decimals": 0}, "required": true, "unit": "%", "order": 7}},

  {"model": "templates_app.item", "pk": 18, "fields": {"axis": 3, "code": "3.1", "name": "عدد الأبحاث المنشورة في SCOPUS و ISI", "name_en": "SCOPUS/ISI Publications", "field_type": "number", "config": {"min": 0}, "required": true, "unit": "بحث", "order": 1}},
  {"model": "templates_app.item", "pk": 19, "fields": {"axis": 3, "code": "3.2", "name": "معدل الاستشهاد إلى عدد أعضاء الهيئة التدريسية", "name_en": "Citation Rate per Faculty", "field_type": "number", "config": {"min": 0}, "required": true, "unit": "", "order": 2}},
  {"model": "templates_app.item", "pk": 20, "fields": {"axis": 3, "code": "3.3", "name": "عدد الجوائز العلمية وبراءات الاختراع المسجلة", "name_en": "Awards and Patents", "field_type": "number", "config": {"min": 0}, "required": true, "unit": "", "order": 3}},
  {"model": "templates_app.item", "pk": 21, "fields": {"axis": 3, "code": "3.4", "name": "نسبة رسائل الماجستير المنشورة في مجلات محكمة", "name_en": "Published Master Theses Rate", "field_type": "percentage", "config": {"decimals": 0}, "required": true, "unit": "%", "order": 4}},
  {"model": "templates_app.item", "pk": 22, "fields": {"axis": 3, "code": "3.5", "name": "نسبة رسائل الدكتوراه المنشورة في مجلات محكمة", "name_en": "Published PhD Theses Rate", "field_type": "percentage", "config": {"decimals": 0}, "required": true, "unit": "%", "order": 5, "notes": "0 إذا لم يوجد برنامج دكتوراه"}},
  {"model": "templates_app.item", "pk": 23, "fields": {"axis": 3, "code": "3.6", "name": "عدد المشاريع البحثية المدعومة محلياً أو دولياً", "name_en": "Funded Research Projects", "field_type": "number", "config": {"min": 0}, "required": true, "unit": "مشروع", "order": 6}},
  {"model": "templates_app.item", "pk": 24, "fields": {"axis": 3, "code": "3.7", "name": "نسبة الدعم المالي من المشاريع البحثية إلى إجمالي الإيرادات", "name_en": "Research Funding to Revenue Ratio", "field_type": "percentage", "config": {"decimals": 2}, "required": true, "unit": "%", "order": 7}},
  {"model": "templates_app.item", "pk": 25, "fields": {"axis": 3, "code": "3.8", "name": "نسبة أعضاء هيئة التدريس المشاركين في المؤتمرات", "name_en": "Faculty Conference Participation Rate", "field_type": "percentage", "config": {"decimals": 0}, "required": true, "unit": "%", "order": 8}},

  {"model": "templates_app.item", "pk": 26, "fields": {"axis": 4, "code": "4.1", "name": "نسبة الانحرافات بين المبالغ المقدرة والفعلية في الموازنة", "name_en": "Budget Variance Rate", "field_type": "percentage", "config": {"decimals": 1}, "required": true, "unit": "%", "order": 1}},
  {"model": "templates_app.item", "pk": 27, "fields": {"axis": 4, "code": "4.2", "name": "نسبة تغطية الإيرادات المباشرة للنفقات المباشرة", "name_en": "Revenue to Expense Coverage Ratio", "field_type": "percentage", "config": {"decimals": 1}, "required": true, "unit": "%", "order": 2}},
  {"model": "templates_app.item", "pk": 28, "fields": {"axis": 4, "code": "4.3", "name": "إيرادات الجامعة من مشاريع الربط مع الصناعة", "name_en": "Industry Partnership Revenue", "field_type": "currency", "config": {"currency": "JOD"}, "required": true, "unit": "دينار", "order": 3}},
  {"model": "templates_app.item", "pk": 29, "fields": {"axis": 4, "code": "4.4", "name": "مبلغ الزيادة/النقص في صافي الدخل من الوحدات الإنتاجية", "name_en": "Production Units Net Income Change", "field_type": "currency", "config": {"currency": "JOD"}, "required": true, "unit": "دينار", "order": 4}},
  {"model": "templates_app.item", "pk": 30, "fields": {"axis": 4, "code": "4.5", "name": "مبلغ الزيادة/النقص في صافي الدخل من الأنشطة الاستثمارية", "name_en": "Investment Activities Net Income Change", "field_type": "currency", "config": {"currency": "JOD", "allow_zero": true}, "required": true, "unit": "دينار", "order": 5}},
  {"model": "templates_app.item", "pk": 31, "fields": {"axis": 4, "code": "4.6", "name": "مبلغ الزيادة/النقص في الوفر/العجز النقدي السنوي", "name_en": "Annual Cash Surplus/Deficit Change", "field_type": "currency", "config": {"currency": "JOD"}, "required": true, "unit": "دينار", "order": 6}},
  {"model": "templates_app.item", "pk": 32, "fields": {"axis": 4, "code": "4.7", "name": "العجز الفعلي المتراكم", "name_en": "Accumulated Deficit", "field_type": "currency", "config": {"currency": "JOD", "allow_zero": true}, "required": true, "unit": "دينار", "order": 7}},
  {"model": "templates_app.item", "pk": 33, "fields": {"axis": 4, "code": "4.8", "name": "مساهمة الجامعة السنوية في صندوق تعويض نهاية الخدمة", "name_en": "End of Service Fund Contribution", "field_type": "currency", "config": {"currency": "JOD"}, "required": true, "unit": "دينار", "order": 8}},
  {"model": "templates_app.item", "pk": 34, "fields": {"axis": 4, "code": "4.9", "name": "مساهمة الجامعة السنوية في صندوق التأمين الصحي", "name_en": "Health Insurance Fund Contribution", "field_type": "currency", "config": {"currency": "JOD"}, "required": true, "unit": "دينار", "order": 9}},
  {"model": "templates_app.item", "pk": 35, "fields": {"axis": 4, "code": "4.10", "name": "نسبة المكافآت والعمل الإضافي للإداريين مقارنة بإجمالي رواتبهم", "name_en": "Admin Bonuses to Salaries Ratio", "field_type": "percentage", "config": {"decimals": 2}, "required": true, "unit": "%", "order": 10}},
  {"model": "templates_app.item", "pk": 36, "fields": {"axis": 4, "code": "4.11", "name": "عدد دورات التدريب والتأهيل للموظفين الإداريين", "name_en": "Admin Staff Training Courses", "field_type": "number", "config": {"min": 0}, "required": true, "unit": "دورة", "order": 11}},
  {"model": "templates_app.item", "pk": 37, "fields": {"axis": 4, "code": "4.12", "name": "نسبة عدد الإداريين إلى عدد أعضاء هيئة التدريس", "name_en": "Admin to Faculty Ratio", "field_type": "text", "config": {}, "required": true, "unit": "", "order": 12, "notes": "مثال: 1 : 0.95"}},
  {"model": "templates_app.item", "pk": 38, "fields": {"axis": 4, "code": "4.13", "name": "مجموع مبالغ القروض القائمة وغير المسددة", "name_en": "Outstanding Loans", "field_type": "currency", "config": {"currency": "JOD", "allow_zero": true}, "required": true, "unit": "دينار", "order": 13}},
  {"model": "templates_app.item", "pk": 39, "fields": {"axis": 4, "code": "4.14", "name": "مبلغ الفوائد البنكية السنوية المرتبطة بالتسهيلات البنكية", "name_en": "Annual Bank Interest", "field_type": "currency", "config": {"currency": "JOD", "allow_zero": true}, "required": true, "unit": "دينار", "order": 14}},

  {"model": "templates_app.item", "pk": 40, "fields": {"axis": 5, "code": "5.1", "name": "المبالغ التي أنفقت على إنشاء مبانٍ لكافة الأغراض", "name_en": "Building Construction Expenditure", "field_type": "currency", "config": {"currency": "JOD"}, "required": true, "unit": "دينار", "order": 1}},
  {"model": "templates_app.item", "pk": 41, "fields": {"axis": 5, "code": "5.2", "name": "المبالغ التي أنفقت على الصيانة الدورية الوقائية", "name_en": "Preventive Maintenance Expenditure", "field_type": "currency", "config": {"currency": "JOD"}, "required": true, "unit": "دينار", "order": 2}},
  {"model": "templates_app.item", "pk": 42, "fields": {"axis": 5, "code": "5.3", "name": "المبالغ التي أنفقت على الخدمات المكتبية والإلكترونية", "name_en": "Library and Electronic Services Expenditure", "field_type": "currency", "config": {"currency": "JOD"}, "required": true, "unit": "دينار", "order": 3}},
  {"model": "templates_app.item", "pk": 43, "fields": {"axis": 5, "code": "5.4", "name": "المبالغ التي أنفقت على المختبرات العلمية", "name_en": "Laboratory Expenditure", "field_type": "currency", "config": {"currency": "JOD"}, "required": true, "unit": "دينار", "order": 4}},
  {"model": "templates_app.item", "pk": 44, "fields": {"axis": 5, "code": "5.5", "name": "نسبة الإجراءات الأكاديمية والإدارية والمالية المحوسبة", "name_en": "Computerized Procedures Rate", "field_type": "percentage", "config": {"decimals": 1}, "required": true, "unit": "%", "order": 5}},

  {"model": "templates_app.item", "pk": 45, "fields": {"axis": 6, "code": "6.1", "name": "عدد المشاريع التي تم تنفيذها لتنمية المجتمع المحلي", "name_en": "Community Development Projects", "field_type": "number", "config": {"min": 0}, "required": true, "unit": "مشروع", "order": 1}},
  {"model": "templates_app.item", "pk": 46, "fields": {"axis": 6, "code": "6.2", "name": "قيمة المشاريع التي تم تنفيذها لتنمية المجتمع المحلي", "name_en": "Community Projects Value", "field_type": "currency", "config": {"currency": "JOD"}, "required": true, "unit": "دينار", "order": 2}},
  {"model": "templates_app.item", "pk": 47, "fields": {"axis": 6, "code": "6.3", "name": "عدد النشاطات اللامنهجية والتطوعية التي شارك فيها الطلبة", "name_en": "Student Volunteer Activities", "field_type": "number", "config": {"min": 0}, "required": true, "unit": "نشاط", "order": 3}},
  {"model": "templates_app.item", "pk": 48, "fields": {"axis": 6, "code": "6.4", "name": "عدد الطلبة المشاركين في النشاطات اللامنهجية والتطوعية", "name_en": "Students in Volunteer Activities", "field_type": "number", "config": {"min": 0}, "required": true, "unit": "طالب", "order": 4}},
  {"model": "templates_app.item", "pk": 49, "fields": {"axis": 6, "code": "6.5", "name": "عدد الفعاليات التي شارك فيها الرئيس حول قضايا التعليم العالي", "name_en": "President Participation Events", "field_type": "number", "config": {"min": 0}, "required": true, "unit": "فعالية", "order": 5}},

  {"model": "templates_app.entity", "pk": 1, "fields": {"template": 1, "name": "وحدة ضمان الجودة", "name_en": "Quality Assurance Unit", "contact_role": "مدير الوحدة", "priority": "critical", "is_college": false}},
  {"model": "templates_app.entity", "pk": 2, "fields": {"template": 1, "name": "القبول والتسجيل", "name_en": "Admissions and Registration", "contact_role": "مدير القبول والتسجيل", "priority": "critical", "is_college": false}},
  {"model": "templates_app.entity", "pk": 3, "fields": {"template": 1, "name": "العلاقات الدولية", "name_en": "International Relations", "contact_role": "مدير العلاقات الدولية", "priority": "medium", "is_college": false}},
  {"model": "templates_app.entity", "pk": 4, "fields": {"template": 1, "name": "شؤون الموظفين", "name_en": "Human Resources", "contact_role": "مدير شؤون الموظفين", "priority": "high", "is_college": false}},
  {"model": "templates_app.entity", "pk": 5, "fields": {"template": 1, "name": "مكتب الإيفاد", "name_en": "Scholarship Office", "contact_role": "مدير مكتب الإيفاد", "priority": "medium", "is_college": false}},
  {"model": "templates_app.entity", "pk": 6, "fields": {"template": 1, "name": "مركز التطوير الأكاديمي", "name_en": "Academic Development Center", "contact_role": "مدير المركز", "priority": "medium", "is_college": false}},
  {"model": "templates_app.entity", "pk": 7, "fields": {"template": 1, "name": "عمادة البحث العلمي", "name_en": "Deanship of Scientific Research", "contact_role": "عميد البحث العلمي", "priority": "critical", "is_college": false}},
  {"model": "templates_app.entity", "pk": 8, "fields": {"template": 1, "name": "عمادة الدراسات العليا", "name_en": "Deanship of Graduate Studies", "contact_role": "عميد الدراسات العليا", "priority": "low", "is_college": false}},
  {"model": "templates_app.entity", "pk": 9, "fields": {"template": 1, "name": "الدائرة المالية", "name_en": "Finance Department", "contact_role": "المدير المالي", "priority": "critical", "is_college": false}},
  {"model": "templates_app.entity", "pk": 10, "fields": {"template": 1, "name": "المكتبة", "name_en": "Library", "contact_role": "مدير المكتبة", "priority": "medium", "is_college": false}},
  {"model": "templates_app.entity", "pk": 11, "fields": {"template": 1, "name": "مركز تقنية المعلومات", "name_en": "IT Center", "contact_role": "مدير المركز", "priority": "medium", "is_college": false}},
  {"model": "templates_app.entity", "pk": 12, "fields": {"template": 1, "name": "عمادة شؤون الطلبة", "name_en": "Deanship of Student Affairs", "contact_role": "عميد شؤون الطلبة", "priority": "medium", "is_college": false}},
  {"model": "templates_app.entity", "pk": 13, "fields": {"template": 1, "name": "مكتب الرئيس", "name_en": "President's Office", "contact_role": "مدير مكتب الرئيس", "priority": "low", "is_college": false}},
  {"model": "templates_app.entity", "pk": 14, "fields": {"template": 1, "name": "كلية الآداب والعلوم", "name_en": "Faculty of Arts and Sciences", "contact_role": "عميد الكلية", "priority": "medium", "is_college": true}},
  {"model": "templates_app.entity", "pk": 15, "fields": {"template": 1, "name": "كلية العلوم الإدارية والمالية", "name_en": "Faculty of Administrative and Financial Sciences", "contact_role": "عميد الكلية", "priority": "medium", "is_college": true}},
  {"model": "templates_app.entity", "pk": 16, "fields": {"template": 1, "name": "كلية الصيدلة والعلوم الطبية", "name_en": "Faculty of Pharmacy and Medical Sciences", "contact_role": "عميد الكلية", "priority": "medium", "is_college": true}},
  {"model": "templates_app.entity", "pk": 17, "fields": {"template": 1, "name": "كلية تكنولوجيا المعلومات", "name_en": "Faculty of Information Technology", "contact_role": "عميد الكلية", "priority": "medium", "is_college": true}},
  {"model": "templates_app.entity", "pk": 18, "fields": {"template": 1, "name": "كلية العمارة والتصميم", "name_en": "Faculty of Architecture and Design", "contact_role": "عميد الكلية", "priority": "medium", "is_college": true}},
  {"model": "templates_app.entity", "pk": 19, "fields": {"template": 1, "name": "كلية الحقوق", "name_en": "Faculty of Law", "contact_role": "عميد الكلية", "priority": "medium", "is_college": true}},
  {"model": "templates_app.entity", "pk": 20, "fields": {"template": 1, "name": "كلية الإعلام", "name_en": "Faculty of Mass Communication", "contact_role": "عميد الكلية", "priority": "medium", "is_college": true}},
  {"model": "templates_app.entity", "pk": 21, "fields": {"template": 1, "name": "كلية الهندسة المدنية", "name_en": "Faculty of Civil Engineering", "contact_role": "عميد الكلية", "priority": "medium", "is_college": true}},
  {"model": "templates_app.entity", "pk": 22, "fields": {"template": 1, "name": "كلية طب الأسنان", "name_en": "Faculty of Dentistry", "contact_role": "عميد الكلية", "priority": "medium", "is_college": true}},

  {"model": "templates_app.tabledefinition", "pk": 1, "fields": {"template": 1, "axis": 1, "code": "1-1", "name": "كليات الجامعة والأقسام العلمية والتخصصات", "table_type": "hierarchical", "columns": [{"id": "college", "name": "الكلية", "type": "text"}, {"id": "department", "name": "القسم", "type": "text"}, {"id": "program_ba", "name": "تخصص البكالوريوس", "type": "text"}, {"id": "program_ma", "name": "تخصص الماجستير", "type": "text"}], "levels": ["college", "department"], "entity": 1, "order": 1}},
  {"model": "templates_app.tabledefinition", "pk": 2, "fields": {"template": 1, "axis": 1, "code": "1-2", "name": "التصنيفات العالمية", "table_type": "static", "columns": [{"id": "ranking", "name": "التصنيف", "type": "text"}, {"id": "current", "name": "سنة التقرير", "type": "number"}, {"id": "previous", "name": "السنة السابقة", "type": "number"}], "fixed_rows": ["QS", "THE", "Shanghai"], "entity": 1, "order": 2}},
  {"model": "templates_app.tabledefinition", "pk": 3, "fields": {"template": 1, "axis": 1, "code": "1-3", "name": "أعداد الطلبة المسجلين حسب الجنسية", "table_type": "dynamic", "columns": [{"id": "nationality", "name": "الجنسية", "type": "text"}, {"id": "semester1", "name": "الفصل الأول", "type": "number"}, {"id": "semester2", "name": "الفصل الثاني", "type": "number"}], "entity": 2, "order": 3}},
  {"model": "templates_app.tabledefinition", "pk": 4, "fields": {"template": 1, "axis": 1, "code": "1-4", "name": "أعداد الطلبة المنتظمين في الفصول الثلاثة", "table_type": "static", "columns": [{"id": "semester", "name": "الفصل", "type": "text"}, {"id": "count", "name": "العدد", "type": "number"}, {"id": "percentage", "name": "النسبة", "type": "percentage"}], "fixed_rows": ["الأول", "الثاني", "الصيفي"], "entity": 2, "order": 4}},
  {"model": "templates_app.tabledefinition", "pk": 5, "fields": {"template": 1, "axis": 1, "code": "1-5", "name": "أعداد الطلبة المسجلين حسب التخصص", "table_type": "dynamic", "columns": [{"id": "college", "name": "الكلية", "type": "text"}, {"id": "program", "name": "التخصص", "type": "text"}, {"id": "semester1", "name": "الفصل الأول", "type": "number"}, {"id": "semester2", "name": "الفصل الثاني", "type": "number"}], "entity": 2, "order": 5}},
  {"model": "templates_app.tabledefinition", "pk": 6, "fields": {"template": 1, "axis": 1, "code": "1-6", "name": "وثائق التعاون", "table_type": "dynamic", "columns": [{"id": "institution", "name": "المؤسسة", "type": "text"}, {"id": "country", "name": "الدولة", "type": "text"}, {"id": "type", "name": "نوع الوثيقة", "type": "text"}, {"id": "date", "name": "التاريخ", "type": "date"}, {"id": "purpose", "name": "الغرض", "type": "text"}], "entity": 3, "order": 6}},
  {"model": "templates_app.tabledefinition", "pk": 7, "fields": {"template": 1, "axis": 1, "code": "1-7", "name": "مذكرات التفاهم للتدريب", "table_type": "dynamic", "columns": [{"id": "institution", "name": "المؤسسة", "type": "text"}, {"id": "field", "name": "المجال", "type": "text"}, {"id": "students", "name": "عدد المستفيدين", "type": "number"}], "entity": 3, "order": 7}},

  {"model": "templates_app.tabledefinition", "pk": 8, "fields": {"template": 1, "axis": 2, "code": "2-1", "name": "أعداد أعضاء الهيئة التدريسية وفق معايير الاعتماد", "table_type": "static", "columns": [{"id": "college", "name": "الكلية", "type": "text"}, {"id": "professor", "name": "أستاذ", "type": "number"}, {"id": "associate", "name": "أستاذ مشارك", "type": "number"}, {"id": "assistant", "name": "أستاذ مساعد", "type": "number"}, {"id": "lecturer", "name": "مدرس", "type": "number"}, {"id": "total", "name": "المجموع", "type": "number"}], "entity": 4, "order": 1}},
  {"model": "templates_app.tabledefinition", "pk": 9, "fields": {"template": 1, "axis": 2, "code": "2-2", "name": "قائمة بالموفدين الذين أنهوا دراستهم", "table_type": "dynamic", "columns": [{"id": "name", "name": "الاسم", "type": "text"}, {"id": "college", "name": "الكلية", "type": "text"}, {"id": "university", "name": "الجامعة", "type": "text"}, {"id": "specialization", "name": "التخصص", "type": "text"}, {"id": "end_date", "name": "تاريخ الإنهاء", "type": "date"}], "entity": 5, "order": 2}},
  {"model": "templates_app.tabledefinition", "pk": 10, "fields": {"template": 1, "axis": 2, "code": "2-3", "name": "الإيفاد للعام الجامعي الحالي", "table_type": "dynamic", "columns": [{"id": "name", "name": "الاسم", "type": "text"}, {"id": "college", "name": "الكلية", "type": "text"}, {"id": "university", "name": "الجامعة", "type": "text"}, {"id": "country", "name": "الدولة", "type": "text"}, {"id": "specialization", "name": "التخصص", "type": "text"}], "entity": 5, "order": 3}},
  {"model": "templates_app.tabledefinition", "pk": 11, "fields": {"template": 1, "axis": 2, "code": "2-4", "name": "إحصائية الموفدين حسب التخصصات", "table_type": "static", "columns": [{"id": "field", "name": "المجال", "type": "text"}, {"id": "count", "name": "العدد", "type": "number"}], "entity": 5, "order": 4}},
  {"model": "templates_app.tabledefinition", "pk": 12, "fields": {"template": 1, "axis": 2, "code": "2-5", "name": "أسماء الموفدين على مقاعد الدراسة", "table_type": "dynamic", "columns": [{"id": "name", "name": "الاسم", "type": "text"}, {"id": "college", "name": "الكلية", "type": "text"}, {"id": "university", "name": "الجامعة", "type": "text"}, {"id": "specialization", "name": "التخصص", "type": "text"}, {"id": "expected_end", "name": "تاريخ الإنهاء المتوقع", "type": "date"}], "entity": 5, "order": 5}},
  {"model": "templates_app.tabledefinition", "pk": 13, "fields": {"template": 1, "axis": 2, "code": "2-6", "name": "تصنيف الدورات التدريبية", "table_type": "static", "columns": [{"id": "type", "name": "نوع الدورة", "type": "text"}, {"id": "count", "name": "العدد", "type": "number"}, {"id": "participants", "name": "المشاركون", "type": "number"}], "entity": 6, "order": 6}},
  {"model": "templates_app.tabledefinition", "pk": 14, "fields": {"template": 1, "axis": 2, "code": "2-7", "name": "الدورات التدريبية لأعضاء الهيئة التدريسية", "table_type": "dynamic", "columns": [{"id": "title", "name": "عنوان الدورة", "type": "text"}, {"id": "date", "name": "التاريخ", "type": "date"}, {"id": "duration", "name": "المدة", "type": "text"}, {"id": "participants", "name": "عدد المشاركين", "type": "number"}], "entity": 6, "order": 7}},
  {"model": "templates_app.tabledefinition", "pk": 15, "fields": {"template": 1, "axis": 2, "code": "2-8", "name": "نتائج امتحانات الكفاءة الجامعية", "table_type": "static", "columns": [{"id": "level", "name": "المستوى", "type": "text"}, {"id": "students", "name": "عدد الطلبة", "type": "number"}, {"id": "pass_rate", "name": "نسبة النجاح", "type": "percentage"}], "entity": 1, "order": 8}},

  {"model": "templates_app.tabledefinition", "pk": 16, "fields": {"template": 1, "axis": 3, "code": "3-1", "name": "مؤشرات أداء البحث العلمي", "table_type": "static", "columns": [{"id": "indicator", "name": "المؤشر", "type": "text"}, {"id": "current", "name": "السنة الحالية", "type": "number"}, {"id": "previous", "name": "السنة السابقة", "type": "number"}, {"id": "change", "name": "نسبة التغير", "type": "percentage"}], "entity": 7, "order": 1}},
  {"model": "templates_app.tabledefinition", "pk": 17, "fields": {"template": 1, "axis": 3, "code": "3-2", "name": "الأبحاث المنشورة في Scopus", "table_type": "excel_import", "columns": [{"id": "researcher", "name": "الباحث", "type": "text"}, {"id": "college", "name": "الكلية", "type": "text"}, {"id": "title", "name": "عنوان البحث", "type": "text"}, {"id": "journal", "name": "المجلة", "type": "text"}, {"id": "volume", "name": "المجلد", "type": "text"}], "entity": 7, "order": 2, "notes": "يُرفع من Excel - قد يحتوي 400+ بحث"}},
  {"model": "templates_app.tabledefinition", "pk": 18, "fields": {"template": 1, "axis": 3, "code": "3-3", "name": "نسبة النشر إلى عدد أعضاء الهيئة التدريسية", "table_type": "static", "columns": [{"id": "college", "name": "الكلية", "type": "text"}, {"id": "faculty", "name": "عدد التدريسيين", "type": "number"}, {"id": "publications", "name": "عدد المنشورات", "type": "number"}, {"id": "ratio", "name": "النسبة", "type": "number"}], "entity": 7, "order": 3}},
  {"model": "templates_app.tabledefinition", "pk": 19, "fields": {"template": 1, "axis": 3, "code": "3-4", "name": "الباحثون المتميزون", "table_type": "dynamic", "columns": [{"id": "name", "name": "الاسم", "type": "text"}, {"id": "college", "name": "الكلية", "type": "text"}, {"id": "publications", "name": "عدد المنشورات", "type": "number"}, {"id": "citations", "name": "الاستشهادات", "type": "number"}], "entity": 7, "order": 4}},
  {"model": "templates_app.tabledefinition", "pk": 20, "fields": {"template": 1, "axis": 3, "code": "3-5", "name": "الباحثون الحاصلون على جوائز", "table_type": "dynamic", "columns": [{"id": "name", "name": "الاسم", "type": "text"}, {"id": "college", "name": "الكلية", "type": "text"}, {"id": "award", "name": "الجائزة", "type": "text"}, {"id": "organization", "name": "الجهة المانحة", "type": "text"}], "entity": 7, "order": 5}},
  {"model": "templates_app.tabledefinition", "pk": 21, "fields": {"template": 1, "axis": 3, "code": "3-6", "name": "جوائز ومنح بحثية", "table_type": "dynamic", "columns": [{"id": "name", "name": "الاسم", "type": "text"}, {"id": "grant", "name": "المنحة/الجائزة", "type": "text"}, {"id": "amount", "name": "المبلغ", "type": "currency"}, {"id": "source", "name": "المصدر", "type": "text"}], "entity": 7, "order": 6}},
  {"model": "templates_app.tabledefinition", "pk": 22, "fields": {"template": 1, "axis": 3, "code": "3-7", "name": "براءات الاختراع والملكيات الفكرية", "table_type": "dynamic", "columns": [{"id": "title", "name": "العنوان", "type": "text"}, {"id": "inventors", "name": "المخترعون", "type": "text"}, {"id": "number", "name": "رقم البراءة", "type": "text"}, {"id": "date", "name": "التاريخ", "type": "date"}], "entity": 7, "order": 7}},
  {"model": "templates_app.tabledefinition", "pk": 23, "fields": {"template": 1, "axis": 3, "code": "3-8", "name": "موازنة البحث العلمي", "table_type": "static", "columns": [{"id": "item", "name": "البند", "type": "text"}, {"id": "budget", "name": "المقدر", "type": "currency"}, {"id": "actual", "name": "الفعلي", "type": "currency"}], "entity": 7, "order": 8}},
  {"model": "templates_app.tabledefinition", "pk": 24, "fields": {"template": 1, "axis": 3, "code": "3-9", "name": "المشاريع البحثية المدعومة", "table_type": "dynamic", "columns": [{"id": "title", "name": "عنوان المشروع", "type": "text"}, {"id": "pi", "name": "الباحث الرئيسي", "type": "text"}, {"id": "funding", "name": "جهة التمويل", "type": "text"}, {"id": "amount", "name": "المبلغ", "type": "currency"}], "entity": 7, "order": 9}},
  {"model": "templates_app.tabledefinition", "pk": 25, "fields": {"template": 1, "axis": 3, "code": "3-10", "name": "الأوراق العلمية المدعومة للنشر", "table_type": "dynamic", "columns": [{"id": "title", "name": "عنوان الورقة", "type": "text"}, {"id": "researcher", "name": "الباحث", "type": "text"}, {"id": "journal", "name": "المجلة", "type": "text"}, {"id": "support", "name": "مبلغ الدعم", "type": "currency"}], "entity": 7, "order": 10}},
  {"model": "templates_app.tabledefinition", "pk": 26, "fields": {"template": 1, "axis": 3, "code": "3-11", "name": "الجامعات والمراكز البحثية الشريكة", "table_type": "dynamic", "columns": [{"id": "institution", "name": "المؤسسة", "type": "text"}, {"id": "country", "name": "الدولة", "type": "text"}, {"id": "joint_papers", "name": "الأبحاث المشتركة", "type": "number"}], "entity": 7, "order": 11}},
  {"model": "templates_app.tabledefinition", "pk": 27, "fields": {"template": 1, "axis": 3, "code": "3-12", "name": "أعداد المنشورات خلال السنوات", "table_type": "static", "columns": [{"id": "year", "name": "السنة", "type": "number"}, {"id": "scopus", "name": "Scopus", "type": "number"}, {"id": "scholar", "name": "Google Scholar", "type": "number"}], "fixed_rows": ["2020", "2021", "2022", "2023", "2024"], "entity": 7, "order": 12}},
  {"model": "templates_app.tabledefinition", "pk": 28, "fields": {"template": 1, "axis": 3, "code": "3-13", "name": "أعضاء هيئة التدريس المشاركين في المؤتمرات", "table_type": "excel_import", "columns": [{"id": "name", "name": "الاسم", "type": "text"}, {"id": "college", "name": "الكلية", "type": "text"}, {"id": "conference", "name": "المؤتمر", "type": "text"}, {"id": "organizer", "name": "الجهة المنظمة", "type": "text"}, {"id": "location", "name": "المكان", "type": "text"}, {"id": "paper_title", "name": "عنوان الورقة", "type": "text"}], "entity": 7, "order": 13, "notes": "يُرفع من Excel"}},
  {"model": "templates_app.tabledefinition", "pk": 29, "fields": {"template": 1, "axis": 3, "code": "3-14", "name": "المؤتمرات المدعومة", "table_type": "dynamic", "columns": [{"id": "title", "name": "اسم المؤتمر", "type": "text"}, {"id": "date", "name": "التاريخ", "type": "date"}, {"id": "support", "name": "مبلغ الدعم", "type": "currency"}], "entity": 7, "order": 14}},
  {"model": "templates_app.tabledefinition", "pk": 30, "fields": {"template": 1, "axis": 3, "code": "3-15", "name": "الندوات المدعومة", "table_type": "dynamic", "columns": [{"id": "title", "name": "اسم الندوة", "type": "text"}, {"id": "date", "name": "التاريخ", "type": "date"}, {"id": "support", "name": "مبلغ الدعم", "type": "currency"}], "entity": 7, "order": 15}},

  {"model": "templates_app.tabledefinition", "pk": 31, "fields": {"template": 1, "axis": 4, "code": "4-1", "name": "الإيرادات التشغيلية مقارنة بالنفقات", "table_type": "static", "columns": [{"id": "item", "name": "البند", "type": "text"}, {"id": "current", "name": "السنة الحالية", "type": "currency"}, {"id": "previous", "name": "السنة السابقة", "type": "currency"}], "fixed_rows": ["الإيرادات المباشرة", "النفقات المباشرة", "الفرق"], "entity": 9, "order": 1}},
  {"model": "templates_app.tabledefinition", "pk": 32, "fields": {"template": 1, "axis": 4, "code": "4-2", "name": "نسبة تغطية الإيرادات والنفقات", "table_type": "static", "columns": [{"id": "year", "name": "السنة", "type": "text"}, {"id": "revenue", "name": "الإيرادات", "type": "currency"}, {"id": "expenses", "name": "النفقات", "type": "currency"}, {"id": "coverage", "name": "نسبة التغطية", "type": "percentage"}], "entity": 9, "order": 2}},
  {"model": "templates_app.tabledefinition", "pk": 33, "fields": {"template": 1, "axis": 4, "code": "4-3", "name": "إيرادات الربط مع الصناعة", "table_type": "dynamic", "columns": [{"id": "project", "name": "المشروع", "type": "text"}, {"id": "partner", "name": "الشريك", "type": "text"}, {"id": "amount", "name": "المبلغ", "type": "currency"}], "entity": 9, "order": 3}},
  {"model": "templates_app.tabledefinition", "pk": 34, "fields": {"template": 1, "axis": 4, "code": "4-4", "name": "فرق الإيرادات عن المصاريف", "table_type": "static", "columns": [{"id": "item", "name": "البند", "type": "text"}, {"id": "amount_2023", "name": "2023", "type": "currency"}, {"id": "amount_2024", "name": "2024", "type": "currency"}, {"id": "difference", "name": "الفرق", "type": "currency"}], "entity": 9, "order": 4}},

  {"model": "templates_app.tabledefinition", "pk": 35, "fields": {"template": 1, "axis": 5, "code": "5-1", "name": "توزيع مقتنيات المكتبة", "table_type": "static", "columns": [{"id": "type", "name": "النوع", "type": "text"}, {"id": "arabic", "name": "عربي", "type": "number"}, {"id": "english", "name": "إنجليزي", "type": "number"}, {"id": "total", "name": "المجموع", "type": "number"}], "entity": 10, "order": 1}},
  {"model": "templates_app.tabledefinition", "pk": 36, "fields": {"template": 1, "axis": 5, "code": "5-2", "name": "قواعد EBSCO الفرعية", "table_type": "dynamic", "columns": [{"id": "name", "name": "اسم القاعدة", "type": "text"}, {"id": "description", "name": "الوصف", "type": "text"}], "entity": 10, "order": 2}},
  {"model": "templates_app.tabledefinition", "pk": 37, "fields": {"template": 1, "axis": 5, "code": "5-3", "name": "إحصاءات استخدام قواعد البيانات", "table_type": "dynamic", "columns": [{"id": "database", "name": "القاعدة", "type": "text"}, {"id": "searches", "name": "عمليات البحث", "type": "number"}], "entity": 10, "order": 3}},
  {"model": "templates_app.tabledefinition", "pk": 38, "fields": {"template": 1, "axis": 5, "code": "5-4", "name": "المحاضرات التعريفية بالمكتبة", "table_type": "static", "columns": [{"id": "college", "name": "الكلية", "type": "text"}, {"id": "lectures", "name": "عدد المحاضرات", "type": "number"}, {"id": "attendees", "name": "عدد الحضور", "type": "number"}], "entity": 10, "order": 4}},
  {"model": "templates_app.tabledefinition", "pk": 39, "fields": {"template": 1, "axis": 5, "code": "5-5", "name": "حركات الإعارة والتجديد والإرجاع", "table_type": "static", "columns": [{"id": "semester", "name": "الفصل", "type": "text"}, {"id": "borrow", "name": "إعارة", "type": "number"}, {"id": "renew", "name": "تجديد", "type": "number"}, {"id": "return", "name": "إرجاع", "type": "number"}], "entity": 10, "order": 5}},
  {"model": "templates_app.tabledefinition", "pk": 40, "fields": {"template": 1, "axis": 5, "code": "5-6", "name": "إحصاءات الإعارة حسب الكليات", "table_type": "static", "columns": [{"id": "college", "name": "الكلية", "type": "text"}, {"id": "count", "name": "عدد الإعارات", "type": "number"}], "entity": 10, "order": 6}},
  {"model": "templates_app.tabledefinition", "pk": 41, "fields": {"template": 1, "axis": 5, "code": "5-7", "name": "نتائج استبانة فاعلية أداء المكتبة", "table_type": "static", "columns": [{"id": "category", "name": "الفئة", "type": "text"}, {"id": "satisfaction", "name": "نسبة الرضا", "type": "percentage"}], "entity": 10, "order": 7}},
  {"model": "templates_app.tabledefinition", "pk": 42, "fields": {"template": 1, "axis": 5, "code": "5-8", "name": "استبانة رضا الطلبة عن المكتبة", "table_type": "static", "columns": [{"id": "aspect", "name": "المحور", "type": "text"}, {"id": "score", "name": "الدرجة", "type": "number"}, {"id": "satisfaction", "name": "نسبة الرضا", "type": "percentage"}], "entity": 10, "order": 8}},
  {"model": "templates_app.tabledefinition", "pk": 43, "fields": {"template": 1, "axis": 5, "code": "5-9", "name": "المختبرات في كلية العلوم الإدارية والمالية", "table_type": "dynamic", "columns": [{"id": "name", "name": "اسم المختبر", "type": "text"}, {"id": "location", "name": "الموقع", "type": "text"}, {"id": "capacity", "name": "السعة", "type": "number"}, {"id": "equipment", "name": "التجهيزات", "type": "text"}], "entity": 15, "order": 9}},
  {"model": "templates_app.tabledefinition", "pk": 44, "fields": {"template": 1, "axis": 5, "code": "5-10", "name": "المختبرات في كلية الصيدلة والعلوم الطبية", "table_type": "dynamic", "columns": [{"id": "name", "name": "اسم المختبر", "type": "text"}, {"id": "location", "name": "الموقع", "type": "text"}, {"id": "capacity", "name": "السعة", "type": "number"}, {"id": "equipment", "name": "التجهيزات", "type": "text"}], "entity": 16, "order": 10}},
  {"model": "templates_app.tabledefinition", "pk": 45, "fields": {"template": 1, "axis": 5, "code": "5-11", "name": "المختبرات في كلية تكنولوجيا المعلومات", "table_type": "dynamic", "columns": [{"id": "name", "name": "اسم المختبر", "type": "text"}, {"id": "location", "name": "الموقع", "type": "text"}, {"id": "capacity", "name": "السعة", "type": "number"}, {"id": "equipment", "name": "التجهيزات", "type": "text"}], "entity": 17, "order": 11}},
  {"model": "templates_app.tabledefinition", "pk": 46, "fields": {"template": 1, "axis": 5, "code": "5-12", "name": "المختبرات في كلية الآداب والعلوم", "table_type": "dynamic", "columns": [{"id": "name", "name": "اسم المختبر", "type": "text"}, {"id": "location", "name": "الموقع", "type": "text"}, {"id": "capacity", "name": "السعة", "type": "number"}, {"id": "equipment", "name": "التجهيزات", "type": "text"}], "entity": 14, "order": 12}},
  {"model": "templates_app.tabledefinition", "pk": 47, "fields": {"template": 1, "axis": 5, "code": "5-13", "name": "المختبرات والمراسم في كلية العمارة والتصميم", "table_type": "dynamic", "columns": [{"id": "name", "name": "اسم المختبر/المرسم", "type": "text"}, {"id": "location", "name": "الموقع", "type": "text"}, {"id": "capacity", "name": "السعة", "type": "number"}, {"id": "equipment", "name": "التجهيزات", "type": "text"}], "entity": 18, "order": 13}},
  {"model": "templates_app.tabledefinition", "pk": 48, "fields": {"template": 1, "axis": 5, "code": "5-14", "name": "المختبرات في كلية الحقوق", "table_type": "dynamic", "columns": [{"id": "name", "name": "اسم المختبر", "type": "text"}, {"id": "location", "name": "الموقع", "type": "text"}, {"id": "capacity", "name": "السعة", "type": "number"}, {"id": "equipment", "name": "التجهيزات", "type": "text"}], "entity": 19, "order": 14}},
  {"model": "templates_app.tabledefinition", "pk": 49, "fields": {"template": 1, "axis": 5, "code": "5-15", "name": "المختبرات في كلية الإعلام", "table_type": "dynamic", "columns": [{"id": "name", "name": "اسم المختبر", "type": "text"}, {"id": "location", "name": "الموقع", "type": "text"}, {"id": "capacity", "name": "السعة", "type": "number"}, {"id": "equipment", "name": "التجهيزات", "type": "text"}], "entity": 20, "order": 15}},
  {"model": "templates_app.tabledefinition", "pk": 50, "fields": {"template": 1, "axis": 5, "code": "5-16", "name": "الاستوديوهات في كلية الإعلام", "table_type": "dynamic", "columns": [{"id": "name", "name": "اسم الاستوديو", "type": "text"}, {"id": "type", "name": "النوع", "type": "text"}, {"id": "equipment", "name": "التجهيزات", "type": "text"}], "entity": 20, "order": 16}},
  {"model": "templates_app.tabledefinition", "pk": 51, "fields": {"template": 1, "axis": 5, "code": "5-17", "name": "المختبرات والمشاغل في كلية الهندسة", "table_type": "dynamic", "columns": [{"id": "name", "name": "اسم المختبر/المشغل", "type": "text"}, {"id": "location", "name": "الموقع", "type": "text"}, {"id": "capacity", "name": "السعة", "type": "number"}, {"id": "equipment", "name": "التجهيزات", "type": "text"}], "entity": 21, "order": 17}},
  {"model": "templates_app.tabledefinition", "pk": 52, "fields": {"template": 1, "axis": 5, "code": "5-18", "name": "المختبرات في كلية طب الأسنان", "table_type": "dynamic", "columns": [{"id": "name", "name": "اسم المختبر", "type": "text"}, {"id": "location", "name": "الموقع", "type": "text"}, {"id": "capacity", "name": "السعة", "type": "number"}, {"id": "equipment", "name": "التجهيزات", "type": "text"}], "entity": 22, "order": 18}},
  {"model": "templates_app.tabledefinition", "pk": 53, "fields": {"template": 1, "axis": 5, "code": "5-19", "name": "نسبة الإجراءات الإدارية المحوسبة", "table_type": "static", "columns": [{"id": "procedure", "name": "الإجراء", "type": "text"}, {"id": "computerized", "name": "محوسب", "type": "select", "options": ["نعم", "لا", "جزئياً"]}], "entity": 11, "order": 19}},
  {"model": "templates_app.tabledefinition", "pk": 54, "fields": {"template": 1, "axis": 5, "code": "5-20", "name": "إجراءات إدارة البرامج الأكاديمية المحوسبة", "table_type": "static", "columns": [{"id": "procedure", "name": "الإجراء", "type": "text"}, {"id": "computerized", "name": "محوسب", "type": "select", "options": ["نعم", "لا", "جزئياً"]}], "entity": 11, "order": 20}},

  {"model": "templates_app.tabledefinition", "pk": 55, "fields": {"template": 1, "axis": 6, "code": "6-1", "name": "توزيع الأنشطة والمبادرات لخدمة المجتمع", "table_type": "static", "columns": [{"id": "type", "name": "نوع النشاط", "type": "text"}, {"id": "count", "name": "العدد", "type": "number"}, {"id": "participants", "name": "المشاركون", "type": "number"}, {"id": "value", "name": "القيمة", "type": "currency"}], "entity": 12, "order": 1}},
  {"model": "templates_app.tabledefinition", "pk": 56, "fields": {"template": 1, "axis": 6, "code": "6-2", "name": "الأنشطة اللامنهجية منذ 2018", "table_type": "static", "columns": [{"id": "year", "name": "السنة", "type": "number"}, {"id": "activities", "name": "عدد الأنشطة", "type": "number"}, {"id": "students", "name": "عدد الطلبة", "type": "number"}], "fixed_rows": ["2018", "2019", "2020", "2021", "2022", "2023", "2024"], "entity": 12, "order": 2}},

  {"model": "templates_app.chartdefinition", "pk": 1, "fields": {"template": 1, "axis": 1, "code": "1-1", "name": "شهادات ضمان الجودة والاعتمادات", "chart_type": "images", "data_source": {"type": "upload"}, "order": 1}},
  {"model": "templates_app.chartdefinition", "pk": 2, "fields": {"template": 1, "axis": 1, "code": "1-2", "name": "النسبة المئوية للطلبة الأردنيين وغير الأردنيين", "chart_type": "pie", "data_source": {"type": "items", "codes": ["1.8", "1.9"]}, "order": 2}},
  {"model": "templates_app.chartdefinition", "pk": 3, "fields": {"template": 1, "axis": 1, "code": "1-3", "name": "أعداد الطلبة المنتظمين (2010-2024)", "chart_type": "line", "data_source": {"type": "historical", "metric": "students"}, "order": 3}},
  {"model": "templates_app.chartdefinition", "pk": 4, "fields": {"template": 1, "axis": 1, "code": "1-4", "name": "توزيع الطلبة الفصل الأول حسب الكليات", "chart_type": "pie", "data_source": {"type": "table", "code": "1-5", "semester": 1}, "order": 4}},
  {"model": "templates_app.chartdefinition", "pk": 5, "fields": {"template": 1, "axis": 1, "code": "1-5", "name": "توزيع الطلبة الفصل الثاني حسب الكليات", "chart_type": "pie", "data_source": {"type": "table", "code": "1-5", "semester": 2}, "order": 5}},
  {"model": "templates_app.chartdefinition", "pk": 6, "fields": {"template": 1, "axis": 1, "code": "1-6", "name": "نمو عدد وثائق التعاون", "chart_type": "bar", "data_source": {"type": "table", "code": "1-6"}, "order": 6}},
  {"model": "templates_app.chartdefinition", "pk": 7, "fields": {"template": 1, "axis": 1, "code": "1-7", "name": "تطور الرقعة الجغرافية للتعاون", "chart_type": "bar", "data_source": {"type": "table", "code": "1-6"}, "order": 7}},
  {"model": "templates_app.chartdefinition", "pk": 8, "fields": {"template": 1, "axis": 1, "code": "1-8", "name": "التوزيع الجغرافي لوثائق التعاون", "chart_type": "pie", "data_source": {"type": "table", "code": "1-6"}, "order": 8}},

  {"model": "templates_app.chartdefinition", "pk": 9, "fields": {"template": 1, "axis": 2, "code": "2-1", "name": "توزيع أعضاء الهيئة التدريسية على الكليات", "chart_type": "bar", "data_source": {"type": "table", "code": "2-1"}, "order": 1}},
  {"model": "templates_app.chartdefinition", "pk": 10, "fields": {"template": 1, "axis": 2, "code": "2-2", "name": "توزيع أعضاء الهيئة التدريسية حسب الرتبة", "chart_type": "pie", "data_source": {"type": "table", "code": "2-1"}, "order": 2}},

  {"model": "templates_app.chartdefinition", "pk": 11, "fields": {"template": 1, "axis": 3, "code": "3-1", "name": "عدد الأبحاث السنوية المنشورة", "chart_type": "bar", "data_source": {"type": "table", "code": "3-12"}, "order": 1}},
  {"model": "templates_app.chartdefinition", "pk": 12, "fields": {"template": 1, "axis": 3, "code": "3-2", "name": "العدد التراكمي للأبحاث المنشورة", "chart_type": "line", "data_source": {"type": "table", "code": "3-12", "cumulative": true}, "order": 2}},
  {"model": "templates_app.chartdefinition", "pk": 13, "fields": {"template": 1, "axis": 3, "code": "3-3", "name": "عدد الاستشهادات السنوي", "chart_type": "bar", "data_source": {"type": "item", "code": "3.2"}, "order": 3}},
  {"model": "templates_app.chartdefinition", "pk": 14, "fields": {"template": 1, "axis": 3, "code": "3-4", "name": "عدد الاستشهادات التراكمي", "chart_type": "line", "data_source": {"type": "historical", "metric": "citations"}, "order": 4}},
  {"model": "templates_app.chartdefinition", "pk": 15, "fields": {"template": 1, "axis": 3, "code": "3-5", "name": "مؤشر h للجامعة", "chart_type": "gauge", "data_source": {"type": "item", "code": "3.2"}, "order": 5}},
  {"model": "templates_app.chartdefinition", "pk": 16, "fields": {"template": 1, "axis": 3, "code": "3-6", "name": "نسبة مشاركة كل موضوع في النشر", "chart_type": "pie", "data_source": {"type": "calculated"}, "order": 6}},
  {"model": "templates_app.chartdefinition", "pk": 17, "fields": {"template": 1, "axis": 3, "code": "3-7", "name": "نسبة المنشور من رسائل الماجستير", "chart_type": "pie", "data_source": {"type": "item", "code": "3.4"}, "order": 7}},
  {"model": "templates_app.chartdefinition", "pk": 18, "fields": {"template": 1, "axis": 3, "code": "3-8", "name": "توزيع دعم المشاريع البحثية بين الكليات", "chart_type": "stacked_bar", "data_source": {"type": "table", "code": "3-9"}, "order": 8}},
  {"model": "templates_app.chartdefinition", "pk": 19, "fields": {"template": 1, "axis": 3, "code": "3-9", "name": "نسبة الدعم الداخلي والخارجي", "chart_type": "pie", "data_source": {"type": "table", "code": "3-9"}, "order": 9}},
  {"model": "templates_app.chartdefinition", "pk": 20, "fields": {"template": 1, "axis": 3, "code": "3-10", "name": "نسبة الأبحاث المشتركة مع باحثين من خارج الأردن", "chart_type": "pie", "data_source": {"type": "calculated"}, "order": 10}},
  {"model": "templates_app.chartdefinition", "pk": 21, "fields": {"template": 1, "axis": 3, "code": "3-11", "name": "نسبة الأبحاث المشتركة مع جامعات أردنية", "chart_type": "pie", "data_source": {"type": "calculated"}, "order": 11}},
  {"model": "templates_app.chartdefinition", "pk": 22, "fields": {"template": 1, "axis": 3, "code": "3-12", "name": "نسبة مشاركة طلاب الجامعة في البحث", "chart_type": "pie", "data_source": {"type": "calculated"}, "order": 12}},
  {"model": "templates_app.chartdefinition", "pk": 23, "fields": {"template": 1, "axis": 3, "code": "3-13", "name": "نسبة مشاركة ماجستير إلى بكالوريوس", "chart_type": "pie", "data_source": {"type": "calculated"}, "order": 13}},
  {"model": "templates_app.chartdefinition", "pk": 24, "fields": {"template": 1, "axis": 3, "code": "3-14", "name": "نسبة مشاركة مساعدي البحث", "chart_type": "pie", "data_source": {"type": "calculated"}, "order": 14}},
  {"model": "templates_app.chartdefinition", "pk": 25, "fields": {"template": 1, "axis": 3, "code": "3-15", "name": "نسبة الانتهاء من المشاريع البحثية", "chart_type": "pie", "data_source": {"type": "calculated"}, "order": 15}},
  {"model": "templates_app.chartdefinition", "pk": 26, "fields": {"template": 1, "axis": 3, "code": "3-16", "name": "نسبة النشر وفق طبيعة الناتج", "chart_type": "pie", "data_source": {"type": "calculated"}, "order": 16}},
  {"model": "templates_app.chartdefinition", "pk": 27, "fields": {"template": 1, "axis": 3, "code": "3-17", "name": "نسبة الأبحاث المدعومة الحاصلة على جوائز", "chart_type": "pie", "data_source": {"type": "calculated"}, "order": 17}},
  {"model": "templates_app.chartdefinition", "pk": 28, "fields": {"template": 1, "axis": 3, "code": "3-18", "name": "نسبة الاستفادة المادية من الأبحاث", "chart_type": "pie", "data_source": {"type": "calculated"}, "order": 18}},

  {"model": "templates_app.chartdefinition", "pk": 29, "fields": {"template": 1, "axis": 5, "code": "5-1", "name": "عدد عمليات البحث في قواعد البيانات", "chart_type": "bar", "data_source": {"type": "table", "code": "5-3"}, "order": 1}},
  {"model": "templates_app.chartdefinition", "pk": 30, "fields": {"template": 1, "axis": 5, "code": "5-2", "name": "المحاضرات التعريفية وعدد الحضور", "chart_type": "bar", "data_source": {"type": "table", "code": "5-4"}, "order": 2}}
]
